{
    "projectName": "hull2",
    "fileName": "hull2.json",
    "ids": [
        {
            "type": 0,
            "count": 3
        }
    ],
    "cameraPos": {
        "x": 3.7293894290924074,
        "y": 1.2833101749420167,
        "z": -5.705865859985352
    },
    "cameraRot": {
        "x": 9.29993724822998,
        "y": 329.00006103515627,
        "z": 0.0000012977177448192379
    },
    "items": [
        {
            "objectName": "Hull Variant_2",
            "type": 0,
            "position": {
                "x": 0.0,
                "y": 0.0,
                "z": 0.0
            },
            "rotation": {
                "x": 0.0,
                "y": 0.0,
                "z": 0.0
            },
            "pathToGraphic": "",
            "Tag": "Hull"
        }
    ]
}