{
    "projectName": "sus1",
    "fileName": "sus1.json",
    "ids": [
        {
            "type": 0,
            "count": 4
        },
        {
            "type": 4,
            "count": 3
        },
        {
            "type": 1,
            "count": 2
        },
        {
            "type": 2,
            "count": 2
        }
    ],
    "cameraPos": {
        "x": 5.279629230499268,
        "y": 1.7634165287017823,
        "z": -4.75701904296875
    },
    "cameraRot": {
        "x": 12.99999713897705,
        "y": 296.1500549316406,
        "z": 0.0000021905789253651166
    },
    "items": [
        {
            "objectName": "Suspension Variant_1",
            "type": 2,
            "position": {
                "x": 0.0,
                "y": 0.0,
                "z": 0.0
            },
            "rotation": {
                "x": 0.0,
                "y": 0.0,
                "z": 0.0
            },
            "pathToGraphic": "",
            "Tag": "Suspension"
        }
    ]
}