{
    "projectName": "sus2",
    "fileName": "sus2.json",
    "ids": [
        {
            "type": 0,
            "count": 4
        },
        {
            "type": 4,
            "count": 3
        },
        {
            "type": 1,
            "count": 2
        },
        {
            "type": 2,
            "count": 3
        }
    ],
    "cameraPos": {
        "x": 1.5200985670089722,
        "y": 2.0535480976104738,
        "z": -7.599794864654541
    },
    "cameraRot": {
        "x": 13.84996509552002,
        "y": 333.20001220703127,
        "z": 6.595047352675465e-7
    },
    "items": [
        {
            "objectName": "Suspension Variant_2",
            "type": 2,
            "position": {
                "x": -3.2553999423980715,
                "y": 1.5902513265609742,
                "z": 0.2504901885986328
            },
            "rotation": {
                "x": 13.000003814697266,
                "y": 42.0,
                "z": 52.00000762939453
            },
            "pathToGraphic": "",
            "Tag": "Suspension"
        }
    ]
}