{
    "projectName": "turret1",
    "fileName": "turret1.json",
    "ids": [
        {
            "type": 0,
            "count": 4
        },
        {
            "type": 4,
            "count": 3
        },
        {
            "type": 1,
            "count": 2
        }
    ],
    "cameraPos": {
        "x": 5.279629230499268,
        "y": 1.7634165287017823,
        "z": -4.75701904296875
    },
    "cameraRot": {
        "x": 12.99999713897705,
        "y": 296.1500549316406,
        "z": 0.0000021905789253651166
    },
    "items": [
        {
            "objectName": "Turret Variant_1",
            "type": 1,
            "position": {
                "x": -0.34955477714538576,
                "y": 0.5616869926452637,
                "z": -0.008703231811523438
            },
            "rotation": {
                "x": 45.00000762939453,
                "y": 45.0,
                "z": 45.0
            },
            "pathToGraphic": "",
            "Tag": "Turret"
        }
    ]
}