{
    "projectName": "hull2",
    "fileName": "hull2.json",
    "ids": [
        {
            "type": 0,
            "count": 3
        }
    ],
    "cameraPos": {
        "x": 5.556698322296143,
        "y": 4.01401424407959,
        "z": -8.23418140411377
    },
    "cameraRot": {
        "x": 16.899953842163087,
        "y": 326.6499938964844,
        "z": -0.000001338463562206016
    },
    "items": [
        {
            "objectName": "Hull Variant_1",
            "type": 0,
            "position": {
                "x": -0.7904744148254395,
                "y": 0.8336470127105713,
                "z": -0.22784805297851563
            },
            "rotation": {
                "x": 0.0,
                "y": 0.0,
                "z": 0.0
            },
            "pathToGraphic": "C:\\GameDev\\Testing\\New Project\\Resources\\Graphic\\tiger_grey.gltf",
            "Tag": "Hull"
        }
    ]
}