{
    "projectName": "hull2 - kopie (5) - kopie",
    "fileName": "hull2 - kopie (5) - kopie.json",
    "ids": [],
    "cameraPos": {
        "x": 3.6271812915802,
        "y": 6.846391677856445,
        "z": -8.99064826965332
    },
    "cameraRot": {
        "x": 21.80000114440918,
        "y": 334.550048828125,
        "z": 0.0000018390666127743316
    },
    "items": [
        {
            "objectName": "Hull Variant_1",
            "type": 0,
            "position": {
                "x": -0.7904744148254395,
                "y": 0.8336470127105713,
                "z": -0.22784805297851563
            },
            "rotation": {
                "x": 0.0,
                "y": 0.0,
                "z": 0.0
            },
            "pathToGraphic": "C:\\GameDev\\Testing\\New Project\\Resources\\Graphic\\tiger_grey.gltf",
            "Tag": "Hull"
        },
        {
            "objectName": "Hull Variant_1",
            "type": 0,
            "position": {
                "x": -0.7904744148254395,
                "y": 0.8336470127105713,
                "z": -0.22784805297851563
            },
            "rotation": {
                "x": 0.0,
                "y": 0.0,
                "z": 0.0
            },
            "pathToGraphic": "C:\\GameDev\\Testing\\New Project\\Resources\\Graphic\\tiger_grey.gltf",
            "Tag": "Hull"
        },
        {
            "objectName": "Hull Variant_1",
            "type": 0,
            "position": {
                "x": -0.7904744148254395,
                "y": 0.8336470127105713,
                "z": -0.22784805297851563
            },
            "rotation": {
                "x": 0.0,
                "y": 0.0,
                "z": 0.0
            },
            "pathToGraphic": "C:\\GameDev\\Testing\\New Project\\Resources\\Graphic\\tiger_grey.gltf",
            "Tag": "Hull"
        }
    ]
}